{
    "C13": 0.482047975063324,
    "TransactionAmt": 0.3766457736492157,
    "card1": 0.3625876307487488,
    "card2": 0.2879348695278168,
    "addr1": 0.26178398728370667,
    "D1": 0.25297942757606506,
    "C1": 0.2507219612598419,
    "C14": 0.23985585570335388,
    "card6": 0.23067091405391693,
    "V70": 0.22982847690582275
}